-- Insert Users
insert into users ( userId, username,email, password, firstname, lastname, biography, tittle, description, birth, phone, profileDescription, profileStatus, socialNetwork, interests, preferences, configurations, country, gender, userType, active, createdAt, updatedAt)
values (1,
'Rodrigo Oliveira',
'kieroff@gmail.com',
'senha123',
'Rodrigo',
'Oliveira',
'My biography',
'My Profile',
'this is a description',
'1981-12-22',
'5551985517408',
'This is a profile for sharing information about me and my goals.',
'OPENED',
'{"twitter": "kieroff_twitter",
"linkedin": "kieroff_linkedin",
"facebook": "rodrigo_facebook"
}',
'{"futebol": "yes",
"musculação": "yes",
"corrida": "yes",
"leitura": "yes",
"natação": "yes"
}',
'{"primary color": "blue",
"skyn": "cordata",
"menu": "left",
"rolagem": "suave"
}',
'{"option A": "yes",
"option B": "yes",
"option C": "yes"
}',
'BRAZIL',
'MALE',
'PUBLIC',
TRUE,
'2023-12-22',
NOW()
),
(2,
'Pedro das Candongas',
'pedrinho@gmail.com',
'senha123',
'Pedro',
'das Candongas',
'My biography',
'My Profile',
'this is a description',
'1990-05-05',
'5551986867889',
'This is a profile for sharing information about me and my goals.',
'OPENED',
'{"twitter": "pedrinho_twitter",
"linkedin": "pedrinho_linkedin",
"facebook": "pedrinho_facebook"
}',
'{"futebol": "yes",
"musculação": "yes",
"corrida": "yes",
"leitura": "yes",
"natação": "yes"
}',
'{"primary color": "blue",
"skyn": "cordata",
"menu": "left",
"rolagem": "suave"
}',
'{"option A": "yes",
"option B": "yes",
"option C": "yes"
}',
'BRAZIL',
'MALE',
'PUBLIC',
TRUE,
'2023-12-22',
NOW()
),
(3,
'Fabiana Silva Alencar',
'fabiana@gmail.com',
'senha123',
'Fabiana',
'Alencar',
'My biography',
'My Profile',
'this is a description',
'2000-08-05',
'5551993227889',
'This is a profile for sharing information about me and my goals.',
'OPENED',
'{"twitter": "fabiana_twitter",
"linkedin": "fabiana_linkedin",
"facebook": "fabiana_facebook"
}',
'{"futebol": "no",
"musculação": "no",
"corrida": "yes",
"leitura": "yes",
"natação": "yes"
}',
'{"primary color": "pink",
"skyn": "cordata",
"menu": "left",
"rolagem": "suave"
}',
'{"option A": "yes",
"option B": "yes",
"option C": "yes"
}',
'BRAZIL',
'FEMALE',
'PUBLIC',
TRUE,
'2023-12-22',
NOW()
),
(4,
'Ana Beatriz Nogueira',
'abnogueira@gmail.com',
'senha123',
'Ana',
'Nogueira',
'My biography',
'My Profile',
'this is a description',
'2001-01-07',
'5551998445253',
'This is a profile for sharing information about me and my goals.',
'OPENED',
'{"twitter": "abnogueira_twitter",
"linkedin": "abnogueira_linkedin",
"facebook": "abnogueira_facebook"
}',
'{"futebol": "yes",
"musculação": "yes",
"corrida": "yes",
"leitura": "yes",
"natação": "yes"
}',
'{"primary color": "blue",
"skyn": "cordata",
"menu": "left",
"rolagem": "suave"
}',
'{"option A": "yes",
"option B": "yes",
"option C": "yes"
}',
'BRAZIL',
'FEMALE',
'PUBLIC',
TRUE,
'2023-12-22',
NOW()
);

-- INSERT itens
insert into items ( itemId, title, description, model, range_min, range_max, target, fk_userId, createdAt, updatedAt)
values
(1,'MUSCULAÇÃO','meter o shape','HEALTH',50,100,70,1,NOW(),NOW()),
(2,'BACKEND','aprender mais','HARDSKILL',50,100,70,1,NOW(),NOW()),
(3,'FÉ','desenvolver a fé','VIRTUE',50,100,70,1,NOW(),NOW()),
(4,'CELIBATO','domínio próprio','VIRTUE',50,100,70,1,NOW(),NOW()),
(5,'CALISTENIA','fazer mais exercicios','HEALTH',50,100,70,2,NOW(),NOW()),
(6,'FRONTEND','sair do nivel jr','HARDSKILL',50,100,70,2,NOW(),NOW()),
(7,'AMOR','amar os perdidos','VIRTUE',50,100,70,3,NOW(),NOW()),
(8,'ALEGRIA','ser uma pessoa mais positiva','VIRTUE',50,100,70,4,NOW(),NOW());

-- Insert mensurations
insert into mensurations (mensurationId,fk_itemId,thisValue,createdAt,updatedAt)
values
(1, 1, 50,'2022-01-20', NOW()),
(2, 1, 40,'2022-02-20', NOW()),
(3, 1, 45,'2022-03-20', NOW()),
(4, 1, 50,'2022-04-20', NOW()),
(5, 1, 60,'2022-05-20', NOW()),
(6, 1, 70,'2022-06-20', NOW()),
(7, 1, 65,'2022-07-20', NOW()),
(8, 1, 70,'2022-08-20', NOW()),
(9, 1, 75,'2022-09-20', NOW()),
(10, 2, 30,'2022-01-20', NOW()),
(11, 2, 35,'2022-02-20', NOW()),
(12, 2, 40,'2022-03-20', NOW()),
(13, 2, 40,'2022-04-20', NOW()),
(14, 2, 35,'2022-05-20', NOW()),
(15, 2, 40,'2022-06-20', NOW()),
(16, 2, 45,'2022-07-20', NOW()),
(17, 2, 60,'2022-08-20', NOW()),
(18, 2, 50,'2022-09-20', NOW());

-- Insert tags
insert into tags (tagId,title,itemItemId,createdAt,updatedAt)
values
(1,'URGENTE', 1, NOW(), NOW()),
(2,'DE BOAS', 2, NOW(), NOW()),
(3,'QUANDO DER', 3, NOW(), NOW()),
(4,'A FAZER', 4, NOW(), NOW()),
(5,'FAZENDO', 1, NOW(), NOW()),
(6,'FEITO', 5, NOW(), NOW());